,Airline,Flight Number,Date of Departure,From,To,Duration,Total Stops,Price
0,SpiceJet,SG- 191,Jan 06,Delhi,Bangalore,02h 50m,non-stop,"7,754"
1,Indigo,6E-6612,Jan 06,Delhi,Bangalore,02h 50m,non-stop,"7,929"
2,Indigo,6E-2067,Jan 06,Delhi,Bangalore,02h 55m,non-stop,"8,654"
3,AirAsia,I5-779,Jan 06,Delhi,Bangalore,11h 25m,1-stop,"8,654"
4,GO FIRST,G8- 113,Jan 06,Delhi,Bangalore,02h 50m,non-stop,"8,654"
5,Air India,AI-803,Jan 06,Delhi,Bangalore,02h 45m,non-stop,"9,210"
6,Air India,AI-439,Jan 06,Delhi,Bangalore,06h 35m,1-stop,"9,494"
7,AirAsia,I5-330,Jan 06,Delhi,Bangalore,07h 50m,1-stop,"9,494"
8,AirAsia,I5-743,Jan 06,Delhi,Bangalore,09h 15m,1-stop,"9,494"
9,AirAsia,I5-773,Jan 06,Delhi,Bangalore,11h 05m,1-stop,"9,494"
10,Indigo,6E-2403,Jan 06,Delhi,Bangalore,02h 50m,non-stop,"10,544"
11,AirAsia,I5-1732,Jan 06,Delhi,Bangalore,03h 05m,non-stop,"10,544"
12,GO FIRST,G8- 237,Jan 06,Delhi,Bangalore,08h 05m,1-stop,"10,544"
13,GO FIRST,G8- 275,Jan 06,Delhi,Bangalore,12h 05m,1-stop,"10,544"
14,GO FIRST,G8- 713,Jan 06,Delhi,Bangalore,13h 25m,1-stop,"9,915"
15,AirAsia,I5-744,Jan 06,Delhi,Bangalore,05h 55m,1-stop,"11,069"
16,AirAsia,I5-710,Jan 06,Delhi,Bangalore,07h 10m,1-stop,"11,069"
17,AirAsia,I5-791,Jan 06,Delhi,Bangalore,08h 35m,1-stop,"11,069"
18,AirAsia,I5-744,Jan 06,Delhi,Bangalore,09h 00m,1-stop,"11,069"
19,Indigo,6E-6565,Jan 06,Delhi,Bangalore,02h 50m,non-stop,"10,332"
20,Air India,AI-814,Jan 06,Delhi,Bangalore,22h 00m,1-stop,"10,334"
21,Air India,AI-605,Jan 06,Delhi,Bangalore,23h 10m,1-stop,"10,703"
22,Air India,AI-624,Jan 06,Delhi,Bangalore,25h 30m,1-stop,"10,640"
23,Air India,AI-441,Jan 06,Delhi,Bangalore,26h 40m,1-stop,"10,711"
24,SpiceJet,SG- 143,Jan 06,Delhi,Bangalore,02h 35m,non-stop,"11,332"
25,Air India,AI-814,Jan 06,Delhi,Bangalore,19h 55m,1-stop,"11,396"
26,Air India,AI-605,Jan 06,Delhi,Bangalore,21h 05m,1-stop,"11,657"
27,Air India,AI-624,Jan 06,Delhi,Bangalore,23h 25m,1-stop,"12,368"
28,Air India,AI-441,Jan 06,Delhi,Bangalore,24h 35m,1-stop,"12,360"
29,Indigo,6E-2131,Jan 06,Delhi,Bangalore,02h 50m,non-stop,"12,478"
30,Indigo,6E-2515,Jan 06,Delhi,Bangalore,02h 55m,non-stop,"12,478"
31,Indigo,6E- 308,Jan 06,Delhi,Bangalore,03h 10m,non-stop,"12,602"
32,SpiceJet,SG- 721,Jan 06,Delhi,Bangalore,25h 15m,1-stop,"12,833"
33,AirAsia,I5-711,Jan 06,Delhi,Bangalore,06h 40m,1-stop,"12,989"
34,Air India,AI-475,Jan 06,Delhi,Bangalore,31h 35m,2+-stop,"12,935"
35,Indigo,6E-5608,Jan 06,Delhi,Bangalore,02h 50m,non-stop,"12,883"
36,Air India,AI-813,Jan 06,Delhi,Bangalore,02h 55m,non-stop,"12,885"
37,Vistara,UK-935,Jan 06,Delhi,Bangalore,26h 20m,1-stop,"12,959"
38,AirAsia,I5-740,Jan 06,Delhi,Bangalore,02h 45m,non-stop,"13,935"
39,SpiceJet,SG-8938,Jan 06,Delhi,Bangalore,23h 30m,1-stop,"13,567"
40,Air India,AI-475,Jan 06,Delhi,Bangalore,29h 30m,2+-stop,"13,880"
41,Vistara,UK-985,Jan 06,Delhi,Bangalore,23h 30m,1-stop,"13,880"
42,Indigo,6E-2461,Jan 06,Delhi,Bangalore,06h 15m,1-stop,"13,888"
43,Indigo,6E-2461,Jan 06,Delhi,Bangalore,08h 00m,1-stop,"13,828"
44,Indigo,6E-2434,Jan 06,Delhi,Bangalore,02h 50m,non-stop,"13,838"
45,Indigo,6E-2596,Jan 06,Delhi,Bangalore,05h 25m,1-stop,"13,838"
46,GO FIRST,G8- 119,Jan 06,Delhi,Bangalore,02h 40m,non-stop,"14,039"
47,AirAsia,I5-1228,Jan 06,Delhi,Bangalore,02h 45m,non-stop,"14,130"
48,Air India,AI-839,Jan 06,Delhi,Bangalore,14h 05m,1-stop,"14,279"
49,Vistara,UK-829,Jan 06,Delhi,Bangalore,26h 30m,1-stop,"14,279"
50,GO FIRST,G8- 334,Jan 06,Delhi,Bangalore,13h 35m,1-stop,"14,534"
51,GO FIRST,G8- 530,Jan 06,Delhi,Bangalore,14h 55m,1-stop,"14,534"
52,AirAsia,I5-767,Jan 06,Delhi,Bangalore,08h 40m,1-stop,"14,534"
53,Indigo,6E-6605,Jan 06,Delhi,Bangalore,05h 25m,1-stop,"14,534"
54,Indigo,6E-2596,Jan 06,Delhi,Bangalore,06h 30m,1-stop,"14,534"
55,GO FIRST,G8- 323,Jan 06,Delhi,Bangalore,05h 55m,1-stop,"14,534"
56,SpiceJet,SG-8411,Jan 06,Delhi,Bangalore,06h 30m,1-stop,"14,250"
57,GO FIRST,G8- 719,Jan 06,Delhi,Bangalore,05h 25m,1-stop,"14,697"
58,Vistara,UK-971,Jan 06,Delhi,Bangalore,18h 50m,1-stop,"14,767"
59,Vistara,UK-871,Jan 06,Delhi,Bangalore,24h 50m,1-stop,"14,860"
60,Vistara,UK-809,Jan 06,Delhi,Bangalore,02h 45m,non-stop,"15,433"
61,Air India,AI-883,Jan 06,Delhi,Bangalore,07h 35m,1-stop,"15,509"
62,Air India,AI-506,Jan 06,Delhi,Bangalore,02h 45m,non-stop,"15,518"
63,Air India,AI-504,Jan 06,Delhi,Bangalore,02h 55m,non-stop,"15,536"
64,Indigo,6E-2141,Jan 06,Delhi,Bangalore,08h 55m,1-stop,"15,584"
65,Indigo,6E-2343,Jan 06,Delhi,Bangalore,06h 50m,1-stop,"15,584"
66,GO FIRST,G8- 336,Jan 06,Delhi,Bangalore,09h 20m,1-stop,"16,350"
67,GO FIRST,G8- 354,Jan 06,Delhi,Bangalore,08h 55m,1-stop,"16,840"
68,GO FIRST,G8- 330,Jan 06,Delhi,Bangalore,10h 25m,1-stop,"16,907"
69,Air India,AI-479,Jan 06,Delhi,Bangalore,23h 15m,2+-stop,"16,907"
70,Indigo,6E-2431,Jan 06,Delhi,Bangalore,05h 25m,1-stop,"17,640"
71,Vistara,UK-935,Jan 06,Delhi,Bangalore,11h 35m,1-stop,"18,734"
72,Vistara,UK-627,Jan 06,Delhi,Bangalore,29h 55m,2+-stop,"18,734"
73,Vistara,UK-635,Jan 06,Delhi,Bangalore,32h 15m,2+-stop,"18,734"
74,SpiceJet,SG-8496,Jan 06,Delhi,Bangalore,07h 25m,1-stop,"18,734"
75,GO FIRST,G8- 286,Jan 06,Delhi,Bangalore,04h 15m,1-stop,"18,135"
76,SpiceJet,SG-8946,Jan 06,Delhi,Bangalore,05h 20m,1-stop,"18,226"
77,SpiceJet,SG- 480,Jan 06,Delhi,Bangalore,06h 40m,1-stop,"18,345"
78,SpiceJet,SG-8721,Jan 06,Delhi,Bangalore,14h 10m,1-stop,"19,001"
79,Air India,AI-678,Jan 06,Delhi,Bangalore,09h 25m,1-stop,"19,322"
80,Air India,AI-665,Jan 06,Delhi,Bangalore,10h 25m,1-stop,"19,322"
81,Air India,AI-887,Jan 06,Delhi,Bangalore,11h 25m,1-stop,"19,322"
82,Air India,AI-678,Jan 06,Delhi,Bangalore,11h 30m,1-stop,"19,322"
83,Air India,AI-665,Jan 06,Delhi,Bangalore,12h 30m,1-stop,"19,322"
84,Air India,AI-887,Jan 06,Delhi,Bangalore,13h 30m,1-stop,"19,322"
85,Vistara,UK-871,Jan 06,Delhi,Bangalore,13h 10m,1-stop,"19,400"
86,Indigo,6E-2042,Jan 06,Delhi,Bangalore,05h 10m,1-stop,"19,400"
87,Indigo,6E-2187,Jan 06,Delhi,Bangalore,08h 55m,1-stop,"19,694"
88,GO FIRST,G8- 346,Jan 06,Delhi,Bangalore,11h 25m,1-stop,"19,914"
89,GO FIRST,G8- 336,Jan 06,Delhi,Bangalore,06h 20m,1-stop,"20,235"
90,GO FIRST,G8- 717,Jan 06,Delhi,Bangalore,05h 55m,1-stop,"20,492"
91,Indigo,6E-6622,Jan 06,Delhi,Bangalore,02h 45m,non-stop,"20,582"
92,Indigo,6E-6554,Jan 06,Delhi,Bangalore,07h 45m,1-stop,"20,582"
93,Indigo,6E-2212,Jan 06,Delhi,Bangalore,06h 50m,1-stop,"20,582"
94,GO FIRST,G8- 323,Jan 06,Delhi,Bangalore,13h 25m,1-stop,"20,582"
95,SpiceJet,SG-8722,Jan 06,Delhi,Bangalore,12h 00m,1-stop,"20,582"
96,AirAsia,I5-745,Jan 06,Delhi,Bangalore,10h 55m,1-stop,"20,582"
97,AirAsia,I5-773,Jan 06,Delhi,Bangalore,12h 20m,1-stop,"20,582"
98,AirAsia,I5-857,Jan 06,Delhi,Bangalore,02h 40m,non-stop,"20,717"
99,Vistara,UK-815,Jan 06,Delhi,Bangalore,02h 35m,non-stop,"21,295"
100,Indigo,6E-2188,Jan 06,Delhi,Bangalore,02h 50m,non-stop,"21,317"
101,Indigo,6E-5088,Jan 06,Delhi,Bangalore,02h 50m,non-stop,"21,317"
102,Air India,AI-815,Jan 06,Delhi,Bangalore,02h 55m,non-stop,"21,317"
103,Indigo,6E-2212,Jan 06,Delhi,Bangalore,07h 55m,1-stop,"21,317"
104,Air India,AI-865,Jan 06,Delhi,Bangalore,08h 25m,1-stop,"21,317"
105,Air India,AI-865,Jan 06,Delhi,Bangalore,10h 30m,1-stop,"21,509"
106,Vistara,UK-859,Jan 06,Delhi,Bangalore,23h 30m,1-stop,"22,125"
107,Indigo,6E-2187,Jan 06,Delhi,Bangalore,07h 00m,1-stop,"22,518"
108,AirAsia,I5-549,Jan 06,Delhi,Bangalore,08h 50m,1-stop,"22,831"
109,Vistara,UK-945,Jan 06,Delhi,Bangalore,09h 15m,1-stop,"23,417"
110,Vistara,UK-995,Jan 06,Delhi,Bangalore,10h 35m,1-stop,"23,417"
111,Indigo,6E-2212,Jan 06,Delhi,Bangalore,04h 55m,1-stop,"23,417"
112,Air India,AI-863,Jan 06,Delhi,Bangalore,06h 30m,1-stop,"23,732"
113,AirAsia,I5-549,Jan 06,Delhi,Bangalore,06h 50m,1-stop,"23,732"
114,Air India,AI-814,Jan 06,Delhi,Bangalore,10h 00m,1-stop,"23,732"
115,Air India,AI-605,Jan 06,Delhi,Bangalore,11h 10m,1-stop,"24,645"
116,Air India,AI-624,Jan 06,Delhi,Bangalore,13h 30m,1-stop,"25,517"
117,Air India,AI-441,Jan 06,Delhi,Bangalore,14h 40m,1-stop,"25,695"
118,Vistara,UK-829,Jan 06,Delhi,Bangalore,14h 10m,1-stop,"25,695"
119,Indigo,6E-2406,Jan 06,Delhi,Bangalore,07h 55m,1-stop,"25,695"
120,AirAsia,I5-743,Jan 06,Delhi,Bangalore,10h 35m,1-stop,"25,832"
121,Vistara,UK-801,Jan 06,Delhi,Bangalore,02h 45m,non-stop,"25,832"
122,Air India,AI-512,Jan 06,Delhi,Bangalore,03h 15m,non-stop,"26,298"
123,Air India,AI-807,Jan 06,Delhi,Bangalore,03h 20m,non-stop,"26,298"
124,AirAsia,I5-745,Jan 06,Delhi,Bangalore,09h 00m,1-stop,"26,388"
125,Vistara,UK-945,Jan 06,Delhi,Bangalore,06h 05m,1-stop,"26,738"
126,Vistara,UK-995,Jan 06,Delhi,Bangalore,07h 25m,1-stop,"26,822"
127,Vistara,UK-945,Jan 06,Delhi,Bangalore,07h 35m,1-stop,"28,367"
128,Vistara,UK-945,Jan 06,Delhi,Bangalore,07h 35m,1-stop,"29,538"
129,Vistara,UK-995,Jan 06,Delhi,Bangalore,08h 55m,1-stop,"30,452"
130,Vistara,UK-995,Jan 06,Delhi,Bangalore,08h 55m,1-stop,"31,785"
131,AirAsia,I5-552,Jan 06,Delhi,Bangalore,08h 55m,1-stop,"32,069"
132,AirAsia,I5-552,Jan 06,Delhi,Bangalore,10h 10m,1-stop,"33,255"
133,AirAsia,I5-743,Jan 10,Delhi,Mumbai,08h 10m,1-stop,"5,383"
134,AirAsia,I5-743,Jan 10,Delhi,Mumbai,14h 40m,1-stop,"5,383"
135,SpiceJet,SG-8244,Jan 10,Delhi,Mumbai,02h 15m,non-stop,"5,952"
136,GO FIRST,G8- 354,Jan 10,Delhi,Mumbai,02h 10m,non-stop,"5,801"
137,GO FIRST,G8- 330,Jan 10,Delhi,Mumbai,02h 15m,non-stop,"5,801"
138,SpiceJet,SG-8709,Jan 10,Delhi,Mumbai,01h 55m,non-stop,"5,952"
139,SpiceJet,SG-8169,Jan 10,Delhi,Mumbai,02h 05m,non-stop,"5,952"
140,GO FIRST,G8-2501,Jan 10,Delhi,Mumbai,02h 10m,non-stop,"5,952"
141,GO FIRST,G8- 530,Jan 10,Delhi,Mumbai,02h 10m,non-stop,"5,952"
142,GO FIRST,G8- 346,Jan 10,Delhi,Mumbai,02h 10m,non-stop,"5,952"
143,SpiceJet,SG-8701,Jan 10,Delhi,Mumbai,02h 15m,non-stop,"5,952"
144,Indigo,6E-5218,Jan 10,Delhi,Mumbai,02h 15m,non-stop,"5,899"
145,Indigo,6E-2519,Jan 10,Delhi,Mumbai,02h 20m,non-stop,"5,899"
146,Vistara,UK-975,Jan 10,Delhi,Mumbai,02h 15m,non-stop,"5,955"
147,Air India,AI-887,Jan 10,Delhi,Mumbai,02h 15m,non-stop,"5,955"
148,Air India,AI-665,Jan 10,Delhi,Mumbai,02h 20m,non-stop,"5,955"
149,GO FIRST,G8- 334,Jan 10,Delhi,Mumbai,02h 05m,non-stop,"5,952"
150,GO FIRST,G8- 323,Jan 10,Delhi,Mumbai,02h 10m,non-stop,"5,952"
151,Indigo,6E-2716,Jan 10,Delhi,Mumbai,02h 15m,non-stop,"7,319"
152,Indigo,6E-2112,Jan 10,Delhi,Mumbai,02h 25m,non-stop,"7,090"
153,Indigo,6E-2526,Jan 10,Delhi,Mumbai,02h 25m,non-stop,"7,320"
154,Indigo,6E-2328,Jan 10,Delhi,Mumbai,02h 35m,non-stop,"7,320"
155,Indigo,6E-6814,Jan 10,Delhi,Mumbai,02h 25m,non-stop,"7,320"
156,Indigo,6E-2208,Jan 10,Delhi,Mumbai,08h 40m,1-stop,"7,320"
157,Air India,AI-805,Jan 10,Delhi,Mumbai,02h 10m,non-stop,"7,320"
158,Air India,AI-605,Jan 10,Delhi,Mumbai,02h 15m,non-stop,"7,320"
159,Air India,AI-814,Jan 10,Delhi,Mumbai,02h 15m,non-stop,"7,320"
160,Air India,AI-678,Jan 10,Delhi,Mumbai,02h 20m,non-stop,"7,320"
161,Air India,AI-863,Jan 10,Delhi,Mumbai,02h 20m,non-stop,"7,320"
162,Air India,AI-865,Jan 10,Delhi,Mumbai,02h 25m,non-stop,"7,320"
163,Air India,AI-441,Jan 10,Delhi,Mumbai,02h 25m,non-stop,"7,563"
164,Air India,AI-624,Jan 10,Delhi,Mumbai,02h 25m,non-stop,"6,901"
165,Vistara,UK-977,Jan 10,Delhi,Mumbai,02h 15m,non-stop,"7,319"
166,Vistara,UK-985,Jan 10,Delhi,Mumbai,02h 15m,non-stop,"7,319"
167,Vistara,UK-941,Jan 10,Delhi,Mumbai,02h 30m,non-stop,"7,319"
168,Indigo,6E-5345,Jan 10,Delhi,Mumbai,09h 05m,1-stop,"7,319"
169,Indigo,6E- 607,Jan 10,Delhi,Mumbai,07h 50m,1-stop,"7,319"
170,GO FIRST,G8- 336,Jan 10,Delhi,Mumbai,02h 10m,non-stop,"7,319"
171,Indigo,6E-2176,Jan 10,Delhi,Mumbai,02h 15m,non-stop,"7,319"
172,Indigo,6E-2016,Jan 10,Delhi,Mumbai,02h 15m,non-stop,"7,319"
173,Indigo,6E-5318,Jan 10,Delhi,Mumbai,02h 15m,non-stop,"7,319"
174,Indigo,6E- 864,Jan 10,Delhi,Mumbai,02h 15m,non-stop,"7,319"
175,Indigo,6E-2017,Jan 10,Delhi,Mumbai,02h 15m,non-stop,"7,320"
176,Indigo,6E-2084,Jan 10,Delhi,Mumbai,02h 15m,non-stop,"7,320"
177,Indigo,6E-2114,Jan 10,Delhi,Mumbai,02h 15m,non-stop,"7,320"
178,Indigo,6E-2505,Jan 10,Delhi,Mumbai,02h 20m,non-stop,"7,319"
179,Indigo,6E-2138,Jan 10,Delhi,Mumbai,02h 20m,non-stop,"7,319"
180,Indigo,6E-2075,Jan 10,Delhi,Mumbai,01h 55m,non-stop,"7,319"
181,Vistara,UK-981,Jan 10,Delhi,Mumbai,02h 00m,non-stop,"7,319"
182,Vistara,UK-927,Jan 10,Delhi,Mumbai,02h 05m,non-stop,"7,320"
183,Vistara,UK-945,Jan 10,Delhi,Mumbai,02h 15m,non-stop,"7,320"
184,GO FIRST,G8- 713,Jan 10,Delhi,Mumbai,08h 50m,1-stop,"7,320"
185,GO FIRST,G8- 713,Jan 10,Delhi,Mumbai,10h 30m,1-stop,"7,320"
186,GO FIRST,G8- 184,Jan 10,Delhi,Mumbai,08h 10m,1-stop,"8,337"
187,GO FIRST,G8- 237,Jan 10,Delhi,Mumbai,09h 45m,1-stop,"8,580"
188,GO FIRST,G8- 713,Jan 10,Delhi,Mumbai,12h 15m,1-stop,"8,580"
189,GO FIRST,G8- 119,Jan 10,Delhi,Mumbai,13h 30m,1-stop,"8,580"
190,GO FIRST,G8- 113,Jan 10,Delhi,Mumbai,14h 50m,1-stop,"9,081"
191,GO FIRST,G8- 113,Jan 10,Delhi,Mumbai,16h 15m,1-stop,"9,032"
192,Indigo,6E-2033,Jan 10,Delhi,Mumbai,06h 10m,1-stop,"9,437"
193,AirAsia,I5-773,Jan 10,Delhi,Mumbai,06h 20m,1-stop,"9,630"
194,AirAsia,I5-569,Jan 10,Delhi,Mumbai,06h 30m,1-stop,"9,630"
195,AirAsia,I5-773,Jan 10,Delhi,Mumbai,08h 00m,1-stop,"9,630"
196,AirAsia,I5-773,Jan 10,Delhi,Mumbai,10h 55m,1-stop,"9,630"
197,Vistara,UK-933,Jan 10,Delhi,Mumbai,02h 05m,non-stop,"9,894"
198,Vistara,UK-993,Jan 10,Delhi,Mumbai,02h 10m,non-stop,"10,050"
199,Vistara,UK-955,Jan 10,Delhi,Mumbai,02h 10m,non-stop,"10,050"
200,Vistara,UK-995,Jan 10,Delhi,Mumbai,02h 15m,non-stop,"10,050"
201,AkasaAir,QP-1128,Jan 10,Delhi,Mumbai,02h 10m,non-stop,"10,224"
202,Indigo,6E-2033,Jan 10,Delhi,Mumbai,08h 15m,1-stop,"10,417"
203,AirAsia,I5-548,Jan 10,Delhi,Mumbai,12h 45m,1-stop,"10,444"
204,Vistara,UK-943,Jan 10,Delhi,Mumbai,02h 10m,non-stop,"10,707"
205,Vistara,UK-951,Jan 10,Delhi,Mumbai,02h 10m,non-stop,"10,732"
206,GO FIRST,G8- 717,Jan 10,Delhi,Mumbai,14h 10m,1-stop,"10,914"
207,GO FIRST,G8- 719,Jan 10,Delhi,Mumbai,05h 15m,1-stop,"11,008"
208,Vistara,UK-969,Jan 10,Delhi,Mumbai,12h 15m,1-stop,"11,237"
209,SpiceJet,SG-2976,Jan 10,Delhi,Mumbai,14h 20m,1-stop,"11,348"
210,Air India,AI-504,Jan 10,Delhi,Mumbai,11h 25m,1-stop,"11,483"
211,Air India,AI-803,Jan 10,Delhi,Mumbai,26h 25m,1-stop,"12,570"
212,AirAsia,I5-857,Jan 10,Delhi,Mumbai,05h 35m,1-stop,"12,570"
213,AirAsia,I5-740,Jan 10,Delhi,Mumbai,10h 50m,1-stop,"12,084"
214,AirAsia,I5-740,Jan 10,Delhi,Mumbai,12h 50m,1-stop,"12,255"
215,AirAsia,I5-740,Jan 10,Delhi,Mumbai,16h 30m,1-stop,"12,255"
216,Air India,AI-803,Jan 10,Delhi,Mumbai,17h 10m,1-stop,"12,358"
217,Indigo,6E-2117,Jan 10,Delhi,Mumbai,05h 00m,1-stop,"12,782"
218,GO FIRST,G8- 719,Jan 10,Delhi,Mumbai,11h 15m,1-stop,"13,095"
219,Indigo,6E-6034,Jan 10,Delhi,Mumbai,05h 05m,1-stop,"13,133"
220,AirAsia,I5-1228,Jan 10,Delhi,Mumbai,09h 30m,1-stop,"13,200"
221,AirAsia,I5-1228,Jan 10,Delhi,Mumbai,11h 30m,1-stop,"13,620"
222,AirAsia,I5-1228,Jan 10,Delhi,Mumbai,15h 10m,1-stop,"14,145"
223,Air India,AI-504,Jan 10,Delhi,Mumbai,14h 20m,1-stop,"14,277"
224,Air India,AI-803,Jan 10,Delhi,Mumbai,15h 20m,1-stop,"14,277"
225,Indigo,6E-6822,Jan 10,Delhi,Mumbai,08h 40m,1-stop,"14,565"
226,Indigo,6E-2411,Jan 10,Delhi,Mumbai,04h 35m,1-stop,"14,670"
227,AirAsia,I5-745,Jan 10,Delhi,Mumbai,06h 40m,1-stop,"14,773"
228,Air India,AI-807,Jan 10,Delhi,Mumbai,15h 35m,1-stop,"14,912"
229,Air India,AI-813,Jan 10,Delhi,Mumbai,24h 35m,1-stop,"15,195"
230,Air India,AI-443,Jan 10,Delhi,Mumbai,05h 05m,1-stop,"15,195"
231,SpiceJet,SG-8241,Jan 10,Delhi,Mumbai,04h 10m,1-stop,"15,195"
232,AirAsia,I5-784,Jan 10,Delhi,Mumbai,08h 10m,1-stop,"15,300"
233,Air India,AI-807,Jan 10,Delhi,Mumbai,06h 20m,1-stop,"16,100"
234,Air India,AI-813,Jan 10,Delhi,Mumbai,15h 20m,1-stop,"16,067"
235,Air India,AI-504,Jan 10,Delhi,Mumbai,26h 10m,1-stop,"16,067"
236,Indigo,6E-6201,Jan 10,Delhi,Mumbai,04h 55m,1-stop,"16,310"
237,GO FIRST,G8- 717,Jan 10,Delhi,Mumbai,05h 50m,1-stop,"16,504"
238,Indigo,6E-2025,Jan 10,Delhi,Mumbai,06h 10m,1-stop,"16,560"
239,Indigo,6E-6034,Jan 10,Delhi,Mumbai,05h 55m,1-stop,"16,980"
240,Air India,AI-471,Jan 10,Delhi,Mumbai,04h 50m,1-stop,"17,289"
241,Vistara,UK-959,Jan 10,Delhi,Mumbai,23h 45m,1-stop,"17,505"
242,Indigo,6E-6231,Jan 10,Delhi,Mumbai,04h 30m,1-stop,"17,925"
243,GO FIRST,G8-2519,Jan 10,Delhi,Mumbai,14h 10m,1-stop,"19,217"
244,Indigo,6E-2049,Jan 10,Delhi,Mumbai,05h 40m,1-stop,"19,217"
245,Indigo,6E-2411,Jan 10,Delhi,Mumbai,09h 10m,1-stop,"19,248"
246,Vistara,UK-811,Jan 10,Delhi,Mumbai,15h 05m,1-stop,"19,290"
247,Air India,AI-540,Jan 10,Delhi,Mumbai,11h 30m,1-stop,"19,395"
248,Air India,AI-558,Jan 10,Delhi,Mumbai,12h 30m,1-stop,"19,668"
249,Indigo,6E-2049,Jan 10,Delhi,Mumbai,04h 30m,1-stop,"20,025"
250,Indigo,6E-2411,Jan 10,Delhi,Mumbai,08h 00m,1-stop,"20,025"
251,Vistara,UK-781,Jan 10,Delhi,Mumbai,06h 50m,1-stop,"20,025"
252,Vistara,UK-787,Jan 10,Delhi,Mumbai,14h 20m,1-stop,"20,298"
253,Air India,AI-403,Jan 10,Delhi,Mumbai,26h 00m,1-stop,"20,298"
254,GO FIRST,G8- 717,Jan 10,Delhi,Mumbai,04h 45m,1-stop,"20,573"
255,Vistara,UK-811,Jan 10,Delhi,Mumbai,05h 50m,1-stop,"20,573"
256,Vistara,UK-811,Jan 10,Delhi,Mumbai,14h 40m,1-stop,"20,550"
257,Indigo,6E- 123,Jan 10,Delhi,Mumbai,04h 30m,1-stop,"22,335"
258,Indigo,6E- 319,Jan 10,Delhi,Mumbai,06h 15m,1-stop,"21,595"
259,Vistara,UK-673,Jan 10,Delhi,Mumbai,05h 10m,1-stop,"22,367"
260,GO FIRST,G8- 194,Jan 10,Delhi,Mumbai,10h 30m,1-stop,"23,085"
261,GO FIRST,G8- 143,Jan 10,Delhi,Mumbai,05h 50m,1-stop,"25,510"
262,Vistara,UK-637,Jan 10,Delhi,Mumbai,05h 15m,1-stop,"25,510"
263,Vistara,UK-839,Jan 10,Delhi,Mumbai,08h 50m,1-stop,"25,485"
264,Vistara,UK-811,Jan 10,Delhi,Mumbai,07h 30m,1-stop,"25,695"
265,Air India,AI-883,Jan 10,Delhi,Mumbai,10h 10m,1-stop,"27,344"
266,Indigo,6E-6169,Jan 06,Chennai,Kolkata,02h 10m,non-stop,"7,093"
267,Indigo,6E-6016,Jan 06,Chennai,Kolkata,02h 20m,non-stop,"7,724"
268,AirAsia,I5-821,Jan 06,Chennai,Kolkata,09h 10m,1-stop,"7,724"
269,AirAsia,I5-1452,Jan 06,Chennai,Kolkata,13h 00m,1-stop,"8,272"
270,AirAsia,I5-1452,Jan 06,Chennai,Kolkata,08h 50m,1-stop,"8,668"
271,Indigo,6E- 847,Jan 06,Chennai,Kolkata,06h 15m,1-stop,"8,668"
272,Indigo,6E- 365,Jan 06,Chennai,Kolkata,06h 15m,1-stop,"12,343"
273,Indigo,6E- 834,Jan 06,Chennai,Kolkata,06h 25m,1-stop,"12,343"
274,Indigo,6E-6239,Jan 06,Chennai,Kolkata,06h 25m,1-stop,"12,343"
275,Indigo,6E- 495,Jan 06,Chennai,Kolkata,06h 35m,1-stop,"11,871"
276,Indigo,6E-6011,Jan 06,Chennai,Kolkata,06h 35m,1-stop,"11,871"
277,Indigo,6E- 189,Jan 06,Chennai,Kolkata,06h 40m,1-stop,"11,871"
278,Indigo,6E- 613,Jan 06,Chennai,Kolkata,06h 45m,1-stop,"13,210"
279,Indigo,6E- 923,Jan 06,Chennai,Kolkata,07h 00m,1-stop,"13,210"
280,Indigo,6E-6213,Jan 06,Chennai,Kolkata,07h 30m,1-stop,"13,210"
281,Indigo,6E-6892,Jan 06,Chennai,Kolkata,07h 35m,1-stop,"14,548"
282,Indigo,6E-2598,Jan 06,Chennai,Kolkata,07h 35m,1-stop,"14,548"
283,Indigo,6E-5229,Jan 06,Chennai,Kolkata,07h 40m,1-stop,"14,548"
284,Indigo,6E-6309,Jan 06,Chennai,Kolkata,07h 45m,1-stop,"14,758"
285,Indigo,6E- 847,Jan 06,Chennai,Kolkata,07h 45m,1-stop,"14,758"
286,Indigo,6E- 891,Jan 06,Chennai,Kolkata,02h 10m,non-stop,"14,758"
287,Indigo,6E- 606,Jan 06,Chennai,Kolkata,02h 15m,non-stop,"14,758"
288,Air India,AI-786,Jan 06,Chennai,Kolkata,02h 30m,non-stop,"14,758"
289,AirAsia,I5-612,Jan 06,Chennai,Kolkata,06h 50m,1-stop,"14,475"
290,AirAsia,I5-612,Jan 06,Chennai,Kolkata,12h 15m,1-stop,"14,475"
291,Indigo,6E- 189,Jan 06,Chennai,Kolkata,05h 10m,1-stop,"14,475"
292,Indigo,6E-6892,Jan 06,Chennai,Kolkata,05h 20m,1-stop,"15,105"
293,Indigo,6E- 539,Jan 06,Chennai,Kolkata,05h 35m,1-stop,"15,105"
294,Indigo,6E-6113,Jan 06,Chennai,Kolkata,06h 45m,1-stop,"15,105"
295,Indigo,6E-6326,Jan 06,Chennai,Kolkata,02h 15m,non-stop,"15,105"
296,Indigo,6E- 321,Jan 06,Chennai,Kolkata,02h 20m,non-stop,"15,105"
297,Indigo,6E-6925,Jan 06,Chennai,Kolkata,04h 25m,1-stop,"15,105"
298,Indigo,6E-6288,Jan 06,Chennai,Kolkata,06h 50m,1-stop,"15,105"
299,Indigo,6E-6518,Jan 06,Chennai,Kolkata,05h 25m,1-stop,"15,105"
300,Air India,AI-574,Jan 06,Chennai,Kolkata,12h 30m,1-stop,"17,593"
301,Indigo,6E-7044,Jan 06,Chennai,Kolkata,05h 55m,1-stop,"17,383"
302,Air India,AI-574,Jan 06,Chennai,Kolkata,26h 40m,1-stop,"17,383"
303,Air India,AI-574,Jan 06,Chennai,Kolkata,27h 30m,1-stop,"17,593"
304,Vistara,UK-824,Jan 06,Chennai,Kolkata,13h 10m,1-stop,"17,593"
305,Vistara,UK-826,Jan 06,Chennai,Kolkata,21h 10m,1-stop,"19,084"
306,Vistara,UK-824,Jan 06,Chennai,Kolkata,23h 20m,1-stop,"19,084"
307,Indigo,6E-6815,Jan 06,Chennai,Kolkata,06h 00m,1-stop,"18,643"
308,Vistara,UK-826,Jan 06,Chennai,Kolkata,07h 20m,1-stop,"18,748"
309,Vistara,UK-824,Jan 06,Chennai,Kolkata,20h 20m,1-stop,"18,748"
310,Vistara,UK-826,Jan 06,Chennai,Kolkata,28h 20m,1-stop,"18,748"
311,Indigo,6E- 288,Jan 06,Chennai,Kolkata,06h 25m,1-stop,"21,774"
312,Air India,AI-538,Jan 06,Chennai,Kolkata,12h 35m,1-stop,"21,970"
313,Air India,AI-539,Jan 06,Chennai,Kolkata,16h 10m,1-stop,"24,313"
314,Air India,AI-557,Jan 06,Chennai,Kolkata,17h 25m,1-stop,"24,733"
315,Air India,AI-557,Jan 06,Chennai,Kolkata,06h 45m,1-stop,"26,907"
316,Air India,AI-430,Jan 06,Chennai,Kolkata,08h 55m,1-stop,"26,907"
317,Air India,AI-553,Jan 06,Chennai,Kolkata,11h 10m,1-stop,"26,907"
318,Air India,AI-430,Jan 06,Chennai,Kolkata,12h 20m,1-stop,"29,983"
319,Air India,AI-553,Jan 06,Chennai,Kolkata,14h 35m,1-stop,"35,653"
320,SpiceJet,SG- 537,Jan 06,Bangalore,Delhi,02h 45m,non-stop,"5,235"
321,Air India,AI-1808,Jan 06,Bangalore,Delhi,02h 50m,non-stop,"5,250"
322,SpiceJet,SG-8134,Jan 06,Bangalore,Delhi,02h 10m,non-stop,"5,235"
323,SpiceJet,SG- 535,Jan 06,Bangalore,Delhi,02h 45m,non-stop,"5,235"
324,AirAsia,I5-749,Jan 06,Bangalore,Delhi,02h 45m,non-stop,"5,236"
325,Indigo,6E-5021,Jan 06,Bangalore,Delhi,02h 50m,non-stop,"5,658"
326,Indigo,6E-2402,Jan 06,Bangalore,Delhi,02h 55m,non-stop,"5,658"
327,Indigo,6E-6813,Jan 06,Bangalore,Delhi,03h 00m,non-stop,"5,658"
328,AirAsia,I5-942,Jan 06,Bangalore,Delhi,05h 45m,1-stop,"5,685"
329,AirAsia,I5-1532,Jan 06,Bangalore,Delhi,05h 50m,1-stop,"5,685"
330,AirAsia,I5-1452,Jan 06,Bangalore,Delhi,11h 55m,1-stop,"6,159"
331,AirAsia,I5-1528,Jan 06,Bangalore,Delhi,02h 50m,non-stop,"6,058"
332,AirAsia,I5-996,Jan 06,Bangalore,Delhi,03h 00m,non-stop,"6,163"
333,Indigo,6E-5039,Jan 06,Bangalore,Delhi,02h 55m,non-stop,"6,163"
334,Air India,AI-804,Jan 06,Bangalore,Delhi,03h 00m,non-stop,"6,297"
335,GO FIRST,G8- 116,Jan 06,Bangalore,Delhi,02h 40m,non-stop,"6,297"
336,GO FIRST,G8- 118,Jan 06,Bangalore,Delhi,02h 45m,non-stop,"7,142"
337,SpiceJet,SG- 136,Jan 06,Bangalore,Delhi,02h 40m,non-stop,"7,142"
338,Indigo,6E-6247,Jan 06,Bangalore,Delhi,02h 50m,non-stop,"7,142"
339,Indigo,6E-2053,Jan 06,Bangalore,Delhi,02h 50m,non-stop,"7,142"
340,Indigo,6E- 886,Jan 06,Bangalore,Delhi,05h 15m,1-stop,"7,142"
341,Indigo,6E- 638,Jan 06,Bangalore,Delhi,05h 15m,1-stop,"7,142"
342,Indigo,6E-6365,Jan 06,Bangalore,Delhi,05h 30m,1-stop,"7,142"
343,Indigo,6E-6753,Jan 06,Bangalore,Delhi,05h 35m,1-stop,"7,142"
344,Indigo,6E- 116,Jan 06,Bangalore,Delhi,05h 50m,1-stop,"7,142"
345,Indigo,6E- 687,Jan 06,Bangalore,Delhi,05h 55m,1-stop,"7,608"
346,Indigo,6E- 537,Jan 06,Bangalore,Delhi,06h 00m,1-stop,"8,493"
347,Indigo,6E-6491,Jan 06,Bangalore,Delhi,06h 15m,1-stop,"9,726"
348,Indigo,6E- 638,Jan 06,Bangalore,Delhi,06h 20m,1-stop,"9,726"
349,Indigo,6E-6743,Jan 06,Bangalore,Delhi,06h 25m,1-stop,"8,819"
350,Indigo,6E- 415,Jan 06,Bangalore,Delhi,06h 40m,1-stop,"8,960"
351,Indigo,6E- 484,Jan 06,Bangalore,Delhi,06h 50m,1-stop,"8,960"
352,Indigo,6E-6876,Jan 06,Bangalore,Delhi,07h 00m,1-stop,"9,702"
353,Indigo,6E- 469,Jan 06,Bangalore,Delhi,07h 40m,1-stop,"9,726"
354,Indigo,6E-6067,Jan 06,Bangalore,Delhi,07h 55m,1-stop,"9,726"
355,Indigo,6E-6491,Jan 06,Bangalore,Delhi,08h 00m,1-stop,"11,044"
356,Indigo,6E- 537,Jan 06,Bangalore,Delhi,08h 25m,1-stop,"11,676"
357,Indigo,6E- 528,Jan 06,Bangalore,Delhi,08h 50m,1-stop,"10,041"
358,AirAsia,I5-1731,Jan 06,Bangalore,Delhi,02h 50m,non-stop,"11,328"
359,AirAsia,I5-1455,Jan 06,Bangalore,Delhi,09h 05m,1-stop,"11,328"
360,AirAsia,I5-1567,Jan 06,Bangalore,Delhi,09h 30m,1-stop,"11,328"
361,Indigo,6E-2174,Jan 06,Bangalore,Delhi,02h 50m,non-stop,"11,328"
362,SpiceJet,SG- 531,Jan 06,Bangalore,Delhi,09h 25m,1-stop,"11,044"
363,SpiceJet,SG- 531,Jan 06,Bangalore,Delhi,21h 50m,1-stop,"10,593"
364,Indigo,6E- 735,Jan 06,Bangalore,Delhi,02h 55m,non-stop,"10,593"
365,GO FIRST,G8- 241,Jan 06,Bangalore,Delhi,05h 10m,1-stop,"10,593"
366,GO FIRST,G8- 241,Jan 06,Bangalore,Delhi,06h 30m,1-stop,"10,593"
367,GO FIRST,G8- 241,Jan 06,Bangalore,Delhi,14h 05m,1-stop,"10,616"
368,GO FIRST,G8- 721,Jan 06,Bangalore,Delhi,15h 20m,1-stop,"10,616"
369,Air India,AI-503,Jan 06,Bangalore,Delhi,02h 45m,non-stop,"10,624"
370,Air India,AI-505,Jan 06,Bangalore,Delhi,02h 50m,non-stop,"10,986"
371,Air India,AI-507,Jan 06,Bangalore,Delhi,03h 00m,non-stop,"10,986"
372,Air India,AI-511,Jan 06,Bangalore,Delhi,03h 00m,non-stop,"10,986"
373,Air India,AI-509,Jan 06,Bangalore,Delhi,03h 00m,non-stop,"11,138"
374,Air India,AI-808,Jan 06,Bangalore,Delhi,03h 10m,non-stop,"11,327"
375,AirAsia,I5-386,Jan 06,Bangalore,Delhi,05h 20m,1-stop,"11,327"
376,AirAsia,I5-819,Jan 06,Bangalore,Delhi,05h 25m,1-stop,"11,359"
377,AirAsia,I5-976,Jan 06,Bangalore,Delhi,07h 00m,1-stop,"11,359"
378,AirAsia,I5-1426,Jan 06,Bangalore,Delhi,07h 20m,1-stop,"11,601"
379,AirAsia,I5-1781,Jan 06,Bangalore,Delhi,07h 30m,1-stop,"11,601"
380,AirAsia,I5-1621,Jan 06,Bangalore,Delhi,07h 35m,1-stop,"11,601"
381,AirAsia,I5-1621,Jan 06,Bangalore,Delhi,09h 25m,1-stop,"11,601"
382,AirAsia,I5-819,Jan 06,Bangalore,Delhi,10h 40m,1-stop,"11,916"
383,AirAsia,I5-1453,Jan 06,Bangalore,Delhi,12h 45m,1-stop,"11,916"
384,Indigo,6E-2433,Jan 06,Bangalore,Delhi,02h 50m,non-stop,"11,916"
385,AirAsia,I5-1426,Jan 06,Bangalore,Delhi,10h 20m,1-stop,"11,989"
386,Indigo,6E-2186,Jan 06,Bangalore,Delhi,02h 55m,non-stop,"11,989"
387,GO FIRST,G8- 721,Jan 06,Bangalore,Delhi,08h 00m,1-stop,"12,139"
388,Indigo,6E- 869,Jan 06,Bangalore,Delhi,02h 50m,non-stop,"12,199"
389,Indigo,6E-6621,Jan 06,Bangalore,Delhi,02h 50m,non-stop,"12,546"
390,Indigo,6E-2401,Jan 06,Bangalore,Delhi,03h 00m,non-stop,"12,546"
391,Indigo,6E-6923,Jan 06,Bangalore,Delhi,06h 40m,1-stop,"12,561"
392,Indigo,6E-6563,Jan 06,Bangalore,Delhi,06h 50m,1-stop,"12,724"
393,AirAsia,I5-741,Jan 06,Bangalore,Delhi,02h 50m,non-stop,"12,801"
394,Vistara,UK-508,Jan 06,Bangalore,Delhi,13h 05m,1-stop,"12,801"
395,Vistara,UK-508,Jan 06,Bangalore,Delhi,13h 55m,1-stop,"12,861"
396,AirAsia,I5-1780,Jan 06,Bangalore,Delhi,09h 05m,1-stop,"12,861"
397,Air India,AI-564,Jan 06,Bangalore,Delhi,05h 50m,1-stop,"12,861"
398,Air India,AI-564,Jan 06,Bangalore,Delhi,09h 25m,1-stop,"12,861"
399,Air India,AI-564,Jan 06,Bangalore,Delhi,18h 55m,1-stop,"13,039"
400,Air India,AI-564,Jan 06,Bangalore,Delhi,20h 45m,1-stop,"13,218"
401,Air India,AI-564,Jan 06,Bangalore,Delhi,23h 00m,1-stop,"13,218"
402,SpiceJet,SG- 768,Jan 06,Bangalore,Delhi,20h 00m,1-stop,"13,218"
403,SpiceJet,SG- 768,Jan 06,Bangalore,Delhi,27h 30m,1-stop,"13,664"
404,GO FIRST,G8- 401,Jan 06,Bangalore,Delhi,06h 05m,1-stop,"13,879"
405,GO FIRST,G8- 320,Jan 06,Bangalore,Delhi,06h 15m,1-stop,"13,805"
406,GO FIRST,G8- 320,Jan 06,Bangalore,Delhi,07h 10m,1-stop,"14,136"
407,GO FIRST,G8- 399,Jan 06,Bangalore,Delhi,11h 35m,1-stop,"14,194"
408,GO FIRST,G8- 320,Jan 06,Bangalore,Delhi,13h 10m,1-stop,"14,273"
409,GO FIRST,G8- 395,Jan 06,Bangalore,Delhi,13h 20m,1-stop,"14,436"
410,GO FIRST,G8- 274,Jan 06,Bangalore,Delhi,13h 30m,1-stop,"14,824"
411,GO FIRST,G8- 395,Jan 06,Bangalore,Delhi,14h 25m,1-stop,"15,344"
412,GO FIRST,G8- 399,Jan 06,Bangalore,Delhi,14h 30m,1-stop,"15,344"
413,GO FIRST,G8- 801,Jan 06,Bangalore,Delhi,14h 55m,1-stop,"15,381"
414,GO FIRST,G8- 395,Jan 06,Bangalore,Delhi,15h 30m,1-stop,"15,696"
415,GO FIRST,G8- 399,Jan 06,Bangalore,Delhi,15h 40m,1-stop,"15,696"
416,Indigo,6E- 116,Jan 06,Bangalore,Delhi,08h 50m,1-stop,"15,843"
417,AirAsia,I5-1228,Jan 06,Bangalore,Delhi,10h 10m,2+-stop,"15,843"
418,Vistara,UK-508,Jan 06,Bangalore,Delhi,20h 50m,1-stop,"15,874"
419,Vistara,UK-508,Jan 06,Bangalore,Delhi,21h 30m,1-stop,"15,999"
420,Air India,AI-516,Jan 06,Bangalore,Delhi,15h 45m,1-stop,"16,011"
421,Indigo,6E-6178,Jan 06,Bangalore,Delhi,07h 50m,1-stop,"16,286"
422,Vistara,UK-508,Jan 06,Bangalore,Delhi,05h 50m,1-stop,"16,286"
423,Air India,AI-640,Jan 06,Bangalore,Delhi,11h 15m,1-stop,"16,641"
424,Air India,AI-640,Jan 06,Bangalore,Delhi,12h 00m,1-stop,"16,641"
425,Air India,AI-640,Jan 06,Bangalore,Delhi,05h 35m,1-stop,"16,641"
426,Air India,AI-640,Jan 06,Bangalore,Delhi,13h 40m,1-stop,"16,903"
427,Indigo,6E- 408,Jan 06,Bangalore,Delhi,05h 55m,1-stop,"16,997"
428,Indigo,6E- 528,Jan 06,Bangalore,Delhi,06h 25m,1-stop,"17,686"
429,Air India,AI-516,Jan 06,Bangalore,Delhi,05h 05m,1-stop,"21,202"
430,SpiceJet,SG- 537,Jan 06,Bangalore,Delhi,02h 45m,non-stop,"5,235"
431,Air India,AI-1808,Jan 06,Bangalore,Delhi,02h 50m,non-stop,"5,250"
432,SpiceJet,SG-8134,Jan 06,Bangalore,Delhi,02h 10m,non-stop,"5,235"
433,SpiceJet,SG- 535,Jan 06,Bangalore,Delhi,02h 45m,non-stop,"5,235"
434,AirAsia,I5-749,Jan 06,Bangalore,Delhi,02h 45m,non-stop,"5,236"
435,Indigo,6E-5021,Jan 06,Bangalore,Delhi,02h 50m,non-stop,"5,658"
436,Indigo,6E-2402,Jan 06,Bangalore,Delhi,02h 55m,non-stop,"5,658"
437,Indigo,6E-6813,Jan 06,Bangalore,Delhi,03h 00m,non-stop,"5,658"
438,AirAsia,I5-942,Jan 06,Bangalore,Delhi,05h 45m,1-stop,"5,685"
439,AirAsia,I5-1532,Jan 06,Bangalore,Delhi,05h 50m,1-stop,"5,685"
440,AirAsia,I5-1452,Jan 06,Bangalore,Delhi,11h 55m,1-stop,"6,159"
441,AirAsia,I5-1528,Jan 06,Bangalore,Delhi,02h 50m,non-stop,"6,058"
442,AirAsia,I5-996,Jan 06,Bangalore,Delhi,03h 00m,non-stop,"6,163"
443,Indigo,6E-5039,Jan 06,Bangalore,Delhi,02h 55m,non-stop,"6,163"
444,Air India,AI-804,Jan 06,Bangalore,Delhi,03h 00m,non-stop,"6,297"
445,GO FIRST,G8- 116,Jan 06,Bangalore,Delhi,02h 40m,non-stop,"6,297"
446,GO FIRST,G8- 118,Jan 06,Bangalore,Delhi,02h 45m,non-stop,"7,142"
447,SpiceJet,SG- 136,Jan 06,Bangalore,Delhi,02h 40m,non-stop,"7,142"
448,Indigo,6E-6247,Jan 06,Bangalore,Delhi,02h 50m,non-stop,"7,142"
449,Indigo,6E-2053,Jan 06,Bangalore,Delhi,02h 50m,non-stop,"7,142"
450,Indigo,6E- 886,Jan 06,Bangalore,Delhi,05h 15m,1-stop,"7,142"
451,Indigo,6E- 638,Jan 06,Bangalore,Delhi,05h 15m,1-stop,"7,142"
452,Indigo,6E-6365,Jan 06,Bangalore,Delhi,05h 30m,1-stop,"7,142"
453,Indigo,6E-6753,Jan 06,Bangalore,Delhi,05h 35m,1-stop,"7,142"
454,Indigo,6E- 116,Jan 06,Bangalore,Delhi,05h 50m,1-stop,"7,142"
455,Indigo,6E- 687,Jan 06,Bangalore,Delhi,05h 55m,1-stop,"7,608"
456,Indigo,6E- 537,Jan 06,Bangalore,Delhi,06h 00m,1-stop,"8,493"
457,Indigo,6E-6491,Jan 06,Bangalore,Delhi,06h 15m,1-stop,"9,726"
458,Indigo,6E- 638,Jan 06,Bangalore,Delhi,06h 20m,1-stop,"9,726"
459,Indigo,6E-6743,Jan 06,Bangalore,Delhi,06h 25m,1-stop,"8,819"
460,Indigo,6E- 415,Jan 06,Bangalore,Delhi,06h 40m,1-stop,"8,960"
461,Indigo,6E- 484,Jan 06,Bangalore,Delhi,06h 50m,1-stop,"8,960"
462,Indigo,6E-6876,Jan 06,Bangalore,Delhi,07h 00m,1-stop,"9,702"
463,Indigo,6E- 469,Jan 06,Bangalore,Delhi,07h 40m,1-stop,"9,726"
464,Indigo,6E-6067,Jan 06,Bangalore,Delhi,07h 55m,1-stop,"9,726"
465,Indigo,6E-6491,Jan 06,Bangalore,Delhi,08h 00m,1-stop,"11,044"
466,Indigo,6E- 537,Jan 06,Bangalore,Delhi,08h 25m,1-stop,"11,676"
467,Indigo,6E- 528,Jan 06,Bangalore,Delhi,08h 50m,1-stop,"10,041"
468,AirAsia,I5-1731,Jan 06,Bangalore,Delhi,02h 50m,non-stop,"11,328"
469,AirAsia,I5-1455,Jan 06,Bangalore,Delhi,09h 05m,1-stop,"11,328"
470,AirAsia,I5-1567,Jan 06,Bangalore,Delhi,09h 30m,1-stop,"11,328"
471,Indigo,6E-2174,Jan 06,Bangalore,Delhi,02h 50m,non-stop,"11,328"
472,SpiceJet,SG- 531,Jan 06,Bangalore,Delhi,09h 25m,1-stop,"11,044"
473,SpiceJet,SG- 531,Jan 06,Bangalore,Delhi,21h 50m,1-stop,"10,593"
474,Indigo,6E- 735,Jan 06,Bangalore,Delhi,02h 55m,non-stop,"10,593"
475,GO FIRST,G8- 241,Jan 06,Bangalore,Delhi,05h 10m,1-stop,"10,593"
476,GO FIRST,G8- 241,Jan 06,Bangalore,Delhi,06h 30m,1-stop,"10,593"
477,GO FIRST,G8- 241,Jan 06,Bangalore,Delhi,14h 05m,1-stop,"10,616"
478,GO FIRST,G8- 721,Jan 06,Bangalore,Delhi,15h 20m,1-stop,"10,616"
479,Air India,AI-503,Jan 06,Bangalore,Delhi,02h 45m,non-stop,"10,624"
480,Air India,AI-505,Jan 06,Bangalore,Delhi,02h 50m,non-stop,"10,986"
481,Air India,AI-507,Jan 06,Bangalore,Delhi,03h 00m,non-stop,"10,986"
482,Air India,AI-511,Jan 06,Bangalore,Delhi,03h 00m,non-stop,"10,986"
483,Air India,AI-509,Jan 06,Bangalore,Delhi,03h 00m,non-stop,"11,138"
484,Air India,AI-808,Jan 06,Bangalore,Delhi,03h 10m,non-stop,"11,327"
485,AirAsia,I5-386,Jan 06,Bangalore,Delhi,05h 20m,1-stop,"11,327"
486,AirAsia,I5-819,Jan 06,Bangalore,Delhi,05h 25m,1-stop,"11,359"
487,AirAsia,I5-976,Jan 06,Bangalore,Delhi,07h 00m,1-stop,"11,359"
488,AirAsia,I5-1426,Jan 06,Bangalore,Delhi,07h 20m,1-stop,"11,601"
489,AirAsia,I5-1781,Jan 06,Bangalore,Delhi,07h 30m,1-stop,"11,601"
490,AirAsia,I5-1621,Jan 06,Bangalore,Delhi,07h 35m,1-stop,"11,601"
491,AirAsia,I5-1621,Jan 06,Bangalore,Delhi,09h 25m,1-stop,"11,601"
492,AirAsia,I5-819,Jan 06,Bangalore,Delhi,10h 40m,1-stop,"11,916"
493,AirAsia,I5-1453,Jan 06,Bangalore,Delhi,12h 45m,1-stop,"11,916"
494,Indigo,6E-2433,Jan 06,Bangalore,Delhi,02h 50m,non-stop,"11,916"
495,AirAsia,I5-1426,Jan 06,Bangalore,Delhi,10h 20m,1-stop,"11,989"
496,Indigo,6E-2186,Jan 06,Bangalore,Delhi,02h 55m,non-stop,"11,989"
497,GO FIRST,G8- 721,Jan 06,Bangalore,Delhi,08h 00m,1-stop,"12,139"
498,Indigo,6E- 869,Jan 06,Bangalore,Delhi,02h 50m,non-stop,"12,199"
499,Indigo,6E-6621,Jan 06,Bangalore,Delhi,02h 50m,non-stop,"12,546"
500,Indigo,6E-2401,Jan 06,Bangalore,Delhi,03h 00m,non-stop,"12,546"
501,Indigo,6E-6923,Jan 06,Bangalore,Delhi,06h 40m,1-stop,"12,561"
502,Indigo,6E-6563,Jan 06,Bangalore,Delhi,06h 50m,1-stop,"12,724"
503,AirAsia,I5-741,Jan 06,Bangalore,Delhi,02h 50m,non-stop,"12,801"
504,Vistara,UK-508,Jan 06,Bangalore,Delhi,13h 05m,1-stop,"12,801"
505,Vistara,UK-508,Jan 06,Bangalore,Delhi,13h 55m,1-stop,"12,861"
506,AirAsia,I5-1780,Jan 06,Bangalore,Delhi,09h 05m,1-stop,"12,861"
507,Air India,AI-564,Jan 06,Bangalore,Delhi,05h 50m,1-stop,"12,861"
508,Air India,AI-564,Jan 06,Bangalore,Delhi,09h 25m,1-stop,"12,861"
509,Air India,AI-564,Jan 06,Bangalore,Delhi,18h 55m,1-stop,"13,039"
510,Air India,AI-564,Jan 06,Bangalore,Delhi,20h 45m,1-stop,"13,218"
511,Air India,AI-564,Jan 06,Bangalore,Delhi,23h 00m,1-stop,"13,218"
512,SpiceJet,SG- 768,Jan 06,Bangalore,Delhi,20h 00m,1-stop,"13,218"
513,SpiceJet,SG- 768,Jan 06,Bangalore,Delhi,27h 30m,1-stop,"13,664"
514,GO FIRST,G8- 401,Jan 06,Bangalore,Delhi,06h 05m,1-stop,"13,879"
515,GO FIRST,G8- 320,Jan 06,Bangalore,Delhi,06h 15m,1-stop,"13,805"
516,GO FIRST,G8- 320,Jan 06,Bangalore,Delhi,07h 10m,1-stop,"14,136"
517,GO FIRST,G8- 399,Jan 06,Bangalore,Delhi,11h 35m,1-stop,"14,194"
518,GO FIRST,G8- 320,Jan 06,Bangalore,Delhi,13h 10m,1-stop,"14,273"
519,GO FIRST,G8- 395,Jan 06,Bangalore,Delhi,13h 20m,1-stop,"14,436"
520,GO FIRST,G8- 274,Jan 06,Bangalore,Delhi,13h 30m,1-stop,"14,824"
521,GO FIRST,G8- 395,Jan 06,Bangalore,Delhi,14h 25m,1-stop,"15,344"
522,GO FIRST,G8- 399,Jan 06,Bangalore,Delhi,14h 30m,1-stop,"15,344"
523,GO FIRST,G8- 801,Jan 06,Bangalore,Delhi,14h 55m,1-stop,"15,381"
524,GO FIRST,G8- 395,Jan 06,Bangalore,Delhi,15h 30m,1-stop,"15,696"
525,GO FIRST,G8- 399,Jan 06,Bangalore,Delhi,15h 40m,1-stop,"15,696"
526,Indigo,6E- 116,Jan 06,Bangalore,Delhi,08h 50m,1-stop,"15,843"
527,AirAsia,I5-1228,Jan 06,Bangalore,Delhi,10h 10m,2+-stop,"15,843"
528,Vistara,UK-508,Jan 06,Bangalore,Delhi,20h 50m,1-stop,"15,874"
529,Vistara,UK-508,Jan 06,Bangalore,Delhi,21h 30m,1-stop,"15,999"
530,Air India,AI-516,Jan 06,Bangalore,Delhi,15h 45m,1-stop,"16,011"
531,Indigo,6E-6178,Jan 06,Bangalore,Delhi,07h 50m,1-stop,"16,286"
532,Vistara,UK-508,Jan 06,Bangalore,Delhi,05h 50m,1-stop,"16,286"
533,Air India,AI-640,Jan 06,Bangalore,Delhi,11h 15m,1-stop,"16,641"
534,Air India,AI-640,Jan 06,Bangalore,Delhi,12h 00m,1-stop,"16,641"
535,Air India,AI-640,Jan 06,Bangalore,Delhi,05h 35m,1-stop,"16,641"
536,Air India,AI-640,Jan 06,Bangalore,Delhi,13h 40m,1-stop,"16,903"
537,Indigo,6E- 408,Jan 06,Bangalore,Delhi,05h 55m,1-stop,"16,997"
538,Indigo,6E- 528,Jan 06,Bangalore,Delhi,06h 25m,1-stop,"17,686"
539,Air India,AI-516,Jan 06,Bangalore,Delhi,05h 05m,1-stop,"21,202"
